xMLBAMID,PlayerName,season,cluster_idx,cluster_label
677951,Bobby Witt Jr.,2025,4,Low K / High HR / High Contact
672695,Geraldo Perdomo,2025,6,Low K / Low HR / High Contact
607208,Trea Turner,2025,4,Low K / High HR / High Contact
682998,Corbin Carroll,2025,4,Low K / High HR / High Contact
608070,José Ramírez,2025,4,Low K / High HR / High Contact
596019,Francisco Lindor,2025,4,Low K / High HR / High Contact
665487,Fernando Tatis Jr.,2025,4,Low K / High HR / High Contact
665742,Juan Soto,2025,4,Low K / High HR / High Contact
677594,Julio Rodríguez,2025,4,Low K / High HR / High Contact
665161,Jeremy Peña,2025,4,Low K / High HR / High Contact
672580,Maikel Garcia,2025,6,Low K / Low HR / High Contact
543807,George Springer,2025,4,Low K / High HR / High Contact
621439,Byron Buxton,2025,5,Low K / High HR / Low Contact
641355,Cody Bellinger,2025,4,Low K / High HR / High Contact
663538,Nico Hoerner,2025,6,Low K / Low HR / High Contact
683002,Gunnar Henderson,2025,4,Low K / High HR / High Contact
672386,Alejandro Kirk,2025,6,Low K / Low HR / High Contact
606466,Ketel Marte,2025,4,Low K / High HR / High Contact
701762,Nick Kurtz,2025,5,Low K / High HR / Low Contact
691406,Junior Caminero,2025,5,Low K / High HR / Low Contact
663656,Kyle Tucker,2025,4,Low K / High HR / High Contact
668930,Brice Turang,2025,4,Low K / High HR / High Contact
669257,Will Smith,2025,4,Low K / High HR / High Contact
681624,Andy Pages,2025,4,Low K / High HR / High Contact
694671,Wyatt Langford,2025,4,Low K / High HR / High Contact
693307,Dillon Dingler,2025,4,Low K / High HR / High Contact
608369,Corey Seager,2025,4,Low K / High HR / High Contact
669065,Kyle Stowers,2025,5,Low K / High HR / Low Contact
680776,Jarren Duran,2025,1,High K / High HR / High Contact
518692,Freddie Freeman,2025,4,Low K / High HR / High Contact
665489,Vladimir Guerrero Jr.,2025,4,Low K / High HR / High Contact
666182,Bo Bichette,2025,6,Low K / Low HR / High Contact
678882,Ceddanne Rafaela,2025,4,Low K / High HR / High Contact
592518,Manny Machado,2025,4,Low K / High HR / High Contact
656305,Matt Chapman,2025,4,Low K / High HR / High Contact
661388,William Contreras,2025,4,Low K / High HR / High Contact
686217,Sal Frelick,2025,6,Low K / Low HR / High Contact
608324,Alex Bregman,2025,6,Low K / Low HR / High Contact
660670,Ronald Acuña Jr.,2025,5,Low K / High HR / Low Contact
691026,Masyn Winn,2025,6,Low K / Low HR / High Contact
547180,Bryce Harper,2025,4,Low K / High HR / High Contact
805779,Jacob Wilson,2025,6,Low K / Low HR / High Contact
605141,Mookie Betts,2025,6,Low K / Low HR / High Contact
696100,Hunter Goodman,2025,5,Low K / High HR / Low Contact
691016,Tyler Soderstrom,2025,4,Low K / High HR / High Contact
621020,Dansby Swanson,2025,1,High K / High HR / High Contact
593428,Xander Bogaerts,2025,6,Low K / Low HR / High Contact
672275,Patrick Bailey,2025,7,Low K / Low HR / Low Contact
676391,Ernie Clement,2025,6,Low K / Low HR / High Contact
664056,Harrison Bader,2025,1,High K / High HR / High Contact
680757,Steven Kwan,2025,6,Low K / Low HR / High Contact
656716,Zach McKinstry,2025,4,Low K / High HR / High Contact
663757,Trent Grisham,2025,5,Low K / High HR / Low Contact
647304,Josh Naylor,2025,4,Low K / High HR / High Contact
682928,CJ Abrams,2025,4,Low K / High HR / High Contact
686948,Drake Baldwin,2025,4,Low K / High HR / High Contact
681082,Bryson Stott,2025,6,Low K / Low HR / High Contact
700250,Ben Rice,2025,4,Low K / High HR / High Contact
669224,Austin Wells,2025,5,Low K / High HR / Low Contact
656811,Ryan O'Hearn,2025,4,Low K / High HR / High Contact
701538,Jackson Merrill,2025,4,Low K / High HR / High Contact
596115,Trevor Story,2025,1,High K / High HR / High Contact
607043,Brandon Nimmo,2025,4,Low K / High HR / High Contact
657656,Ramón Laureano,2025,5,Low K / High HR / Low Contact
694192,Jackson Chourio,2025,4,Low K / High HR / High Contact
571970,Max Muncy,2025,4,Low K / High HR / High Contact
630105,Jake Cronenworth,2025,6,Low K / Low HR / High Contact
650490,Yandy Díaz,2025,4,Low K / High HR / High Contact
670770,TJ Friedl,2025,6,Low K / Low HR / High Contact
680977,Brendan Donovan,2025,6,Low K / Low HR / High Contact
641487,J.P. Crawford,2025,6,Low K / Low HR / High Contact
575929,Willson Contreras,2025,1,High K / High HR / High Contact
701350,Roman Anthony,2025,1,High K / High HR / High Contact
672515,Gabriel Moreno,2025,4,Low K / High HR / High Contact
695657,Colson Montgomery,2025,5,Low K / High HR / Low Contact
671056,Iván Herrera,2025,4,Low K / High HR / High Contact
665966,Carlos Narváez,2025,4,Low K / High HR / High Contact
702332,Caleb Durbin,2025,6,Low K / Low HR / High Contact
593871,Jorge Polanco,2025,4,Low K / High HR / High Contact
608348,Carson Kelly,2025,4,Low K / High HR / High Contact
621043,Carlos Correa,2025,4,Low K / High HR / High Contact
686555,Isaac Collins,2025,4,Low K / High HR / High Contact
673548,Seiya Suzuki,2025,4,Low K / High HR / High Contact
650402,Gleyber Torres,2025,6,Low K / Low HR / High Contact
666018,Jonathan Aranda,2025,4,Low K / High HR / High Contact
669364,Xavier Edwards,2025,6,Low K / Low HR / High Contact
670623,Isaac Paredes,2025,4,Low K / High HR / High Contact
592885,Christian Yelich,2025,5,Low K / High HR / Low Contact
677800,Wilyer Abreu,2025,4,Low K / High HR / High Contact
669016,Brandon Marsh,2025,4,Low K / High HR / High Contact
808982,Jung Hoo Lee,2025,6,Low K / Low HR / High Contact
573262,Mike Yastrzemski,2025,4,Low K / High HR / High Contact
672640,Otto Lopez,2025,6,Low K / Low HR / High Contact
683146,Brett Baty,2025,4,Low K / High HR / High Contact
676694,Jake Meyers,2025,2,High K / Low HR / High Contact
643289,Mauricio Dubón,2025,6,Low K / Low HR / High Contact
662139,Daulton Varsho,2025,5,Low K / High HR / Low Contact
680718,Addison Barger,2025,4,Low K / High HR / High Contact
805300,Jakob Marsee,2025,6,Low K / Low HR / High Contact
514888,Jose Altuve,2025,4,Low K / High HR / High Contact
543760,Marcus Semien,2025,4,Low K / High HR / High Contact
643446,Jeff McNeil,2025,6,Low K / Low HR / High Contact
676475,Alec Burleson,2025,4,Low K / High HR / High Contact
676609,José Caballero,2025,2,High K / Low HR / High Contact
592663,J.T. Realmuto,2025,4,Low K / High HR / High Contact
680777,Ryan Jeffers,2025,6,Low K / Low HR / High Contact
623168,Tyler Heineman,2025,6,Low K / Low HR / High Contact
669221,Sean Murphy,2025,5,Low K / High HR / Low Contact
519317,Giancarlo Stanton,2025,5,Low K / High HR / Low Contact
676059,Jordan Westburg,2025,5,Low K / High HR / Low Contact
691019,Kyle Teel,2025,1,High K / High HR / High Contact
663968,Jake Mangum,2025,6,Low K / Low HR / High Contact
664770,Nathan Lukes,2025,6,Low K / Low HR / High Contact
682626,Francisco Alvarez,2025,1,High K / High HR / High Contact
664702,Myles Straw,2025,6,Low K / Low HR / High Contact
545361,Mike Trout,2025,5,Low K / High HR / Low Contact
669701,Josh Smith,2025,6,Low K / Low HR / High Contact
664040,Brandon Lowe,2025,5,Low K / High HR / Low Contact
687363,Victor Scott II,2025,2,High K / Low HR / High Contact
664761,Alec Bohm,2025,6,Low K / Low HR / High Contact
687462,Spencer Horwitz,2025,6,Low K / Low HR / High Contact
500743,Miguel Rojas,2025,6,Low K / Low HR / High Contact
672761,Wenceel Pérez,2025,4,Low K / High HR / High Contact
673962,Josh Jung,2025,4,Low K / High HR / High Contact
663586,Austin Riley,2025,1,High K / High HR / High Contact
690993,Colt Keith,2025,4,Low K / High HR / High Contact
624641,Edmundo Sosa,2025,4,Low K / High HR / High Contact
620443,Luis Torrens,2025,2,High K / Low HR / High Contact
673237,Yainer Diaz,2025,4,Low K / High HR / High Contact
686780,Pedro Pagés,2025,1,High K / High HR / High Contact
807712,Luke Keaschall,2025,6,Low K / Low HR / High Contact
681481,Kerry Carpenter,2025,5,Low K / High HR / Low Contact
669707,Jared Triolo,2025,2,High K / Low HR / High Contact
686469,Vinnie Pasquantino,2025,4,Low K / High HR / High Contact
686527,Dominic Canzone,2025,4,Low K / High HR / High Contact
666310,Bo Naylor,2025,4,Low K / High HR / High Contact
807713,Matt Shaw,2025,4,Low K / High HR / High Contact
663853,Romy Gonzalez,2025,1,High K / High HR / High Contact
694497,Evan Carter,2025,4,Low K / High HR / High Contact
595879,Javier Báez,2025,1,High K / High HR / High Contact
694384,Nolan Schanuel,2025,6,Low K / Low HR / High Contact
665019,Kody Clemens,2025,4,Low K / High HR / High Contact
695734,Daylen Lile,2025,6,Low K / Low HR / High Contact
680574,Matt McLain,2025,1,High K / High HR / High Contact
663647,Ke'Bryan Hayes,2025,2,High K / Low HR / High Contact
643565,Mike Tauchman,2025,4,Low K / High HR / High Contact
671739,Michael Harris II,2025,4,Low K / High HR / High Contact
687401,Joey Ortiz,2025,6,Low K / Low HR / High Contact
670242,Matt Wallner,2025,5,Low K / High HR / Low Contact
672820,Lenyn Sosa,2025,4,Low K / High HR / High Contact
678246,Miguel Vargas,2025,4,Low K / High HR / High Contact
657757,Gavin Sheets,2025,4,Low K / High HR / High Contact
805367,Chase Meidroth,2025,6,Low K / Low HR / High Contact
656775,Cedric Mullins,2025,4,Low K / High HR / High Contact
682177,Daniel Schneemann,2025,1,High K / High HR / High Contact
645277,Ozzie Albies,2025,6,Low K / Low HR / High Contact
663698,Joey Bart,2025,7,Low K / Low HR / Low Contact
672016,Denzel Clarke,2025,7,Low K / Low HR / Low Contact
676914,Davis Schneider,2025,5,Low K / High HR / Low Contact
643376,Danny Jansen,2025,4,Low K / High HR / High Contact
673357,Luis Robert Jr.,2025,1,High K / High HR / High Contact
595777,Jurickson Profar,2025,4,Low K / High HR / High Contact
681715,Heriberto Hernández,2025,1,High K / High HR / High Contact
669720,Austin Hays,2025,1,High K / High HR / High Contact
702616,Jackson Holliday,2025,4,Low K / High HR / High Contact
669242,Tommy Edman,2025,4,Low K / High HR / High Contact
595978,Austin Hedges,2025,1,High K / High HR / High Contact
700932,Kyle Manzardo,2025,5,Low K / High HR / Low Contact
668939,Adley Rutschman,2025,6,Low K / Low HR / High Contact
664728,Kyle Isbel,2025,6,Low K / Low HR / High Contact
663886,Tyler Stephenson,2025,1,High K / High HR / High Contact
609280,Miguel Andujar,2025,6,Low K / Low HR / High Contact
671218,Heliot Ramos,2025,4,Low K / High HR / High Contact
602104,Ramón Urías,2025,4,Low K / High HR / High Contact
668804,Bryan Reynolds,2025,1,High K / High HR / High Contact
672356,Gabriel Arias,2025,1,High K / High HR / High Contact
663330,Jahmai Jones,2025,4,Low K / High HR / High Contact
656577,Alex Jackson,2025,5,Low K / High HR / Low Contact
682622,Noelvi Marte,2025,4,Low K / High HR / High Contact
677942,Blaze Alexander,2025,1,High K / High HR / High Contact
663743,Nick Fortes,2025,6,Low K / Low HR / High Contact
665926,Andrés Giménez,2025,6,Low K / Low HR / High Contact
660821,Jesús Sánchez,2025,4,Low K / High HR / High Contact
701358,Cam Smith,2025,1,High K / High HR / High Contact
683011,Anthony Volpe,2025,4,Low K / High HR / High Contact
696285,Jacob Young,2025,6,Low K / Low HR / High Contact
689414,Liam Hicks,2025,6,Low K / Low HR / High Contact
608701,Rob Refsnyder,2025,4,Low K / High HR / High Contact
668904,Royce Lewis,2025,4,Low K / High HR / High Contact
543309,Kyle Higashioka,2025,4,Low K / High HR / High Contact
688363,Graham Pauley,2025,4,Low K / High HR / High Contact
668885,Austin Martin,2025,6,Low K / Low HR / High Contact
666023,Freddy Fermin,2025,2,High K / Low HR / High Contact
668715,Spencer Steer,2025,4,Low K / High HR / High Contact
642851,Austin Wynns,2025,5,Low K / High HR / Low Contact
669743,Alex Call,2025,6,Low K / Low HR / High Contact
693304,Nick Gonzales,2025,2,High K / Low HR / High Contact
664034,Ty France,2025,6,Low K / Low HR / High Contact
650333,Luis Arraez,2025,6,Low K / Low HR / High Contact
656555,Rhys Hoskins,2025,1,High K / High HR / High Contact
687597,Jordan Beck,2025,1,High K / High HR / High Contact
571448,Nolan Arenado,2025,6,Low K / Low HR / High Contact
665804,Miguel Amaya,2025,4,Low K / High HR / High Contact
605170,Victor Caratini,2025,4,Low K / High HR / High Contact
663457,Lars Nootbaar,2025,4,Low K / High HR / High Contact
678662,Ezequiel Tovar,2025,1,High K / High HR / High Contact
808975,Hyeseong Kim,2025,1,High K / High HR / High Contact
641343,Jake Bauers,2025,4,Low K / High HR / High Contact
669236,Jeremiah Jackson,2025,1,High K / High HR / High Contact
621438,Tyrone Taylor,2025,2,High K / Low HR / High Contact
502671,Paul Goldschmidt,2025,6,Low K / Low HR / High Contact
660844,Leo Rivas,2025,2,High K / Low HR / High Contact
683083,Nasim Nuñez,2025,4,Low K / High HR / High Contact
666971,Lourdes Gurriel Jr.,2025,4,Low K / High HR / High Contact
624512,Reese McGuire,2025,5,Low K / High HR / Low Contact
666126,Carlos Cortes,2025,4,Low K / High HR / High Contact
543510,James McCann,2025,1,High K / High HR / High Contact
624428,Adam Frazier,2025,6,Low K / Low HR / High Contact
669397,Nick Allen,2025,2,High K / Low HR / High Contact
671277,Luis García Jr.,2025,4,Low K / High HR / High Contact
694388,Joey Loperfido,2025,1,High K / High HR / High Contact
691594,Javier Sanoja,2025,6,Low K / Low HR / High Contact
669477,Casey Schmitt,2025,4,Low K / High HR / High Contact
660162,Yoán Moncada,2025,1,High K / High HR / High Contact
802415,Chandler Simpson,2025,6,Low K / Low HR / High Contact
655316,Andruw Monasterio,2025,4,Low K / High HR / High Contact
677595,Ronny Mauricio,2025,1,High K / High HR / High Contact
643396,Isiah Kiner-Falefa,2025,6,Low K / Low HR / High Contact
656976,Pavin Smith,2025,1,High K / High HR / High Contact
695600,Carter Jensen,2025,4,Low K / High HR / High Contact
516782,Starling Marte,2025,4,Low K / High HR / High Contact
642201,Eli White,2025,4,Low K / High HR / High Contact
687637,Dylan Beavers,2025,4,Low K / High HR / High Contact
656537,Derek Hill,2025,1,High K / High HR / High Contact
669369,Bryce Johnson,2025,2,High K / Low HR / High Contact
642136,Matt Thaiss,2025,2,High K / Low HR / High Contact
681297,Colton Cowser,2025,5,Low K / High HR / Low Contact
691176,Jasson Domínguez,2025,1,High K / High HR / High Contact
666160,Mickey Moniak,2025,5,Low K / High HR / Low Contact
669326,Bryce Teodosio,2025,7,Low K / Low HR / Low Contact
665877,José Fermín,2025,6,Low K / Low HR / High Contact
596146,Max Kepler,2025,4,Low K / High HR / High Contact
676356,Jonny DeLuca,2025,2,High K / Low HR / High Contact
683734,Andrew Vaughn,2025,4,Low K / High HR / High Contact
686452,Drew Millas,2025,6,Low K / Low HR / High Contact
680737,Michael Helman,2025,4,Low K / High HR / High Contact
680474,Max Schuemann,2025,2,High K / Low HR / High Contact
650489,Willi Castro,2025,1,High K / High HR / High Contact
681393,Connor Norby,2025,1,High K / High HR / High Contact
670541,Yordan Alvarez,2025,4,Low K / High HR / High Contact
521692,Salvador Perez,2025,4,Low K / High HR / High Contact
695336,Thomas Saggese,2025,2,High K / Low HR / High Contact
683766,Christian Koss,2025,2,High K / Low HR / High Contact
805904,Zach Cole,2025,5,Low K / High HR / Low Contact
677950,Alek Thomas,2025,1,High K / High HR / High Contact
641555,J.C. Escarra,2025,6,Low K / Low HR / High Contact
691785,Marcelo Mayer,2025,1,High K / High HR / High Contact
642708,Amed Rosario,2025,4,Low K / High HR / High Contact
686668,Brenton Doyle,2025,1,High K / High HR / High Contact
679032,Johan Rojas,2025,2,High K / Low HR / High Contact
663368,Blake Perkins,2025,1,High K / High HR / High Contact
701398,Sal Stewart,2025,5,Low K / High HR / Low Contact
668901,Mark Vientos,2025,1,High K / High HR / High Contact
677587,Brayan Rocchio,2025,2,High K / Low HR / High Contact
642086,Dominic Smith,2025,4,Low K / High HR / High Contact
628451,Andy Ibáñez,2025,6,Low K / Low HR / High Contact
695391,Brett Harris,2025,2,High K / Low HR / High Contact
686894,Joey Wiemer,2025,5,Low K / High HR / Low Contact
682668,Luisangel Acuña,2025,2,High K / Low HR / High Contact
810938,Ben Williamson,2025,2,High K / Low HR / High Contact
553869,Elias Díaz,2025,1,High K / High HR / High Contact
677347,Kyren Paris,2025,3,High K / Low HR / Low Contact
669003,Garrett Mitchell,2025,7,Low K / Low HR / Low Contact
686475,Tyler Tolbert,2025,2,High K / Low HR / High Contact
666150,Dominic Fletcher,2025,6,Low K / Low HR / High Contact
670224,Kameron Misner,2025,1,High K / High HR / High Contact
686797,Brooks Lee,2025,4,Low K / High HR / High Contact
668670,Jake Rogers,2025,1,High K / High HR / High Contact
681987,Nate Eaton,2025,2,High K / Low HR / High Contact
606992,Eric Haase,2025,3,High K / Low HR / Low Contact
680837,Ryan Fitzgerald,2025,5,Low K / High HR / Low Contact
571912,Luke Maile,2025,1,High K / High HR / High Contact
663604,Brandon Lockridge,2025,2,High K / Low HR / High Contact
467793,Carlos Santana,2025,4,Low K / High HR / High Contact
641584,Jake Fraley,2025,4,Low K / High HR / High Contact
624431,Jose Trevino,2025,6,Low K / Low HR / High Contact
673490,Ha-Seong Kim,2025,6,Low K / Low HR / High Contact
666158,Gavin Lux,2025,2,High K / Low HR / High Contact
694208,Moisés Ballesteros,2025,4,Low K / High HR / High Contact
670156,Miles Mastrobuoni,2025,6,Low K / Low HR / High Contact
690976,Alex Freeland,2025,1,High K / High HR / High Contact
665561,Rafael Marchán,2025,6,Low K / Low HR / High Contact
543877,Christian Vázquez,2025,6,Low K / Low HR / High Contact
670764,Taylor Walls,2025,2,High K / Low HR / High Contact
518934,DJ LeMahieu,2025,2,High K / Low HR / High Contact
691723,Coby Mayo,2025,1,High K / High HR / High Contact
650968,Yohel Pozo,2025,4,Low K / High HR / High Contact
663616,Trevor Larnach,2025,4,Low K / High HR / High Contact
678009,Parker Meadows,2025,1,High K / High HR / High Contact
668800,Andrew Knizner,2025,6,Low K / Low HR / High Contact
664059,Sam Haggerty,2025,2,High K / Low HR / High Contact
686611,Dylan Crews,2025,1,High K / High HR / High Contact
695681,Christian Moore,2025,1,High K / High HR / High Contact
686676,Korey Lee,2025,4,Low K / High HR / High Contact
687859,Troy Johnston,2025,4,Low K / High HR / High Contact
805373,Nacho Alvarez Jr.,2025,2,High K / Low HR / High Contact
643217,Andrew Benintendi,2025,4,Low K / High HR / High Contact
670042,Luke Raley,2025,1,High K / High HR / High Contact
701675,Nathan Church,2025,1,High K / High HR / High Contact
545121,Ildemaro Vargas,2025,6,Low K / Low HR / High Contact
657557,Paul DeJong,2025,1,High K / High HR / High Contact
692216,C.J. Kayfus,2025,1,High K / High HR / High Contact
502054,Tommy Pham,2025,4,Low K / High HR / High Contact
621512,Tomás Nido,2025,2,High K / Low HR / High Contact
666152,David Hamilton,2025,4,Low K / High HR / High Contact
641313,Tim Anderson,2025,7,Low K / Low HR / Low Contact
670231,John Rave,2025,4,Low K / High HR / High Contact
649966,Luis Urías,2025,6,Low K / Low HR / High Contact
666149,Tyler Fitzgerald,2025,1,High K / High HR / High Contact
690022,Ryan Ritter,2025,7,Low K / Low HR / Low Contact
694728,Brice Matthews,2025,5,Low K / High HR / Low Contact
656484,Tristan Gray,2025,1,High K / High HR / High Contact
640902,Jhonny Pereda,2025,7,Low K / Low HR / Low Contact
665828,Oswaldo Cabrera,2025,2,High K / Low HR / High Contact
687551,Drew Gilbert,2025,4,Low K / High HR / High Contact
640459,Brian Navarreto,2025,5,Low K / High HR / Low Contact
678894,Liover Peguero,2025,5,Low K / High HR / Low Contact
666464,Jerar Encarnacion,2025,1,High K / High HR / High Contact
680700,Richie Palacios,2025,4,Low K / High HR / High Contact
665839,Enmanuel Valdez,2025,6,Low K / Low HR / High Contact
678554,Curtis Mead,2025,2,High K / Low HR / High Contact
682634,Kevin Alcántara,2025,3,High K / Low HR / Low Contact
690984,Petey Halpin,2025,2,High K / Low HR / High Contact
664954,Brett Sullivan,2025,2,High K / Low HR / High Contact
666915,Bobby Dalbec,2025,7,Low K / Low HR / Low Contact
701305,Zach Dezenzo,2025,7,Low K / Low HR / Low Contact
671655,George Valera,2025,1,High K / High HR / High Contact
679845,Nick Loftin,2025,6,Low K / Low HR / High Contact
642133,Rowdy Tellez,2025,5,Low K / High HR / Low Contact
605137,Josh Bell,2025,4,Low K / High HR / High Contact
694362,Blake Dunn,2025,7,Low K / Low HR / Low Contact
672642,Steward Berroa,2025,7,Low K / Low HR / Low Contact
660644,Vidal Bruján,2025,2,High K / Low HR / High Contact
683357,Owen Caissie,2025,3,High K / Low HR / Low Contact
670097,Zack Short,2025,1,High K / High HR / High Contact
683748,Victor Mesa Jr.,2025,6,Low K / Low HR / High Contact
677588,José Tena,2025,2,High K / Low HR / High Contact
605353,Vimael Machín,2025,5,Low K / High HR / Low Contact
680911,Owen Miller,2025,6,Low K / Low HR / High Contact
665923,Esteury Ruiz,2025,3,High K / Low HR / Low Contact
682515,Logan Porter,2025,2,High K / Low HR / High Contact
669208,Ryan Bliss,2025,1,High K / High HR / High Contact
663609,Luken Baker,2025,7,Low K / Low HR / Low Contact
663967,César Salazar,2025,6,Low K / Low HR / High Contact
596103,Austin Slater,2025,1,High K / High HR / High Contact
663584,Hayden Senger,2025,7,Low K / Low HR / Low Contact
665052,Griffin Conine,2025,1,High K / High HR / High Contact
672569,Gustavo Campero,2025,4,Low K / High HR / High Contact
668731,Akil Baddoo,2025,7,Low K / Low HR / Low Contact
650859,Luis Rengifo,2025,2,High K / Low HR / High Contact
553882,Omar Narváez,2025,6,Low K / Low HR / High Contact
694374,Tim Tawa,2025,1,High K / High HR / High Contact
691720,Kyle Karros,2025,2,High K / Low HR / High Contact
672012,Tyler Black,2025,2,High K / Low HR / High Contact
656413,Stuart Fairchild,2025,7,Low K / Low HR / Low Contact
666181,Will Benson,2025,5,Low K / High HR / Low Contact
687515,Colby Thomas,2025,5,Low K / High HR / Low Contact
669234,Justyn-Henry Malloy,2025,2,High K / Low HR / High Contact
645305,Ali Sánchez,2025,2,High K / Low HR / High Contact
691373,Jhostynxon Garcia,2025,3,High K / Low HR / Low Contact
804668,Rafael Flores Jr.,2025,3,High K / Low HR / Low Contact
542963,Rob Brantly,2025,7,Low K / Low HR / Low Contact
695257,Billy Cook,2025,2,High K / Low HR / High Contact
656541,Sam Hilliard,2025,1,High K / High HR / High Contact
682868,Bryan Ramos,2025,7,Low K / Low HR / Low Contact
677649,Ezequiel Duran,2025,2,High K / Low HR / High Contact
624513,Dom Nuñez,2025,3,High K / Low HR / Low Contact
663837,Matt Vierling,2025,2,High K / Low HR / High Contact
676724,Jared Young,2025,5,Low K / High HR / Low Contact
571466,Tucker Barnhart,2025,6,Low K / Low HR / High Contact
669374,Keston Hiura,2025,7,Low K / Low HR / Low Contact
667452,Corey Julks,2025,2,High K / Low HR / High Contact
682663,Agustín Ramírez,2025,4,Low K / High HR / High Contact
696030,Alejandro Osuna,2025,6,Low K / Low HR / High Contact
680728,Adrian Del Castillo,2025,1,High K / High HR / High Contact
608671,Travis Jankowski,2025,2,High K / Low HR / High Contact
641598,Mitch Garver,2025,1,High K / High HR / High Contact
456781,Donovan Solano,2025,2,High K / Low HR / High Contact
663796,Coco Montes,2025,7,Low K / Low HR / Low Contact
669200,Mason McCoy,2025,7,Low K / Low HR / Low Contact
683021,Michael Stefanic,2025,6,Low K / Low HR / High Contact
667472,Dane Myers,2025,2,High K / Low HR / High Contact
641645,Luis Guillorme,2025,7,Low K / Low HR / Low Contact
695670,Harry Ford,2025,3,High K / Low HR / Low Contact
694377,Nick Yorke,2025,2,High K / Low HR / High Contact
687957,Dustin Harris,2025,1,High K / High HR / High Contact
689041,Rhylan Thomas,2025,6,Low K / Low HR / High Contact
644433,Chadwick Tromp,2025,5,Low K / High HR / Low Contact
702176,Alan Roden,2025,2,High K / Low HR / High Contact
680118,Dairon Blanco,2025,7,Low K / Low HR / Low Contact
669394,Jake Burger,2025,1,High K / High HR / High Contact
680716,Jonathan Ornelas,2025,7,Low K / Low HR / Low Contact
572191,Michael A. Taylor,2025,1,High K / High HR / High Contact
605113,Nick Ahmed,2025,3,High K / Low HR / Low Contact
680862,Willie MacIver,2025,4,Low K / High HR / High Contact
679822,Justin Foscue,2025,2,High K / Low HR / High Contact
807799,Masataka Yoshida,2025,6,Low K / Low HR / High Contact
670276,Cal Stevenson,2025,6,Low K / Low HR / High Contact
681584,David Villar,2025,2,High K / Low HR / High Contact
672279,Michael Siani,2025,7,Low K / Low HR / Low Contact
592696,Eddie Rosario,2025,7,Low K / Low HR / Low Contact
608385,Jesse Winker,2025,2,High K / Low HR / High Contact
674441,Jacob Hurtubise,2025,7,Low K / Low HR / Low Contact
680779,Henry Davis,2025,1,High K / High HR / High Contact
688760,Blaine Crim,2025,5,Low K / High HR / Low Contact
640492,José Azocar,2025,6,Low K / Low HR / High Contact
506702,Sandy León,2025,5,Low K / High HR / Low Contact
687221,Dalton Rushing,2025,1,High K / High HR / High Contact
677941,Jordyn Adams,2025,3,High K / Low HR / Low Contact
664238,Dylan Moore,2025,5,Low K / High HR / Low Contact
666624,Christopher Morel,2025,1,High K / High HR / High Contact
689172,Brett Wisely,2025,2,High K / Low HR / High Contact
669392,Samad Taylor,2025,6,Low K / Low HR / High Contact
686823,Will Brennan,2025,6,Low K / Low HR / High Contact
669288,Daniel Johnson,2025,1,High K / High HR / High Contact
676801,Chas McCormick,2025,7,Low K / Low HR / Low Contact
666139,Josh Lowe,2025,1,High K / High HR / High Contact
457705,Andrew McCutchen,2025,4,Low K / High HR / High Contact
682997,Tyler Callihan,2025,6,Low K / Low HR / High Contact
687231,Darell Hernaiz,2025,6,Low K / Low HR / High Contact
596142,Gary Sánchez,2025,5,Low K / High HR / Low Contact
691185,Maximo Acosta,2025,5,Low K / High HR / Low Contact
664983,Jake McCarthy,2025,6,Low K / Low HR / High Contact
686765,Nick Sogard,2025,2,High K / Low HR / High Contact
668709,JJ Bleday,2025,1,High K / High HR / High Contact
665155,Nick Maton,2025,1,High K / High HR / High Contact
691907,Tsung-Che Cheng,2025,7,Low K / Low HR / Low Contact
622268,Donovan Walton,2025,6,Low K / Low HR / High Contact
693409,César Prieto,2025,3,High K / Low HR / Low Contact
682657,Angel Martínez,2025,4,Low K / High HR / High Contact
663662,Daz Cameron,2025,1,High K / High HR / High Contact
622534,Manuel Margot,2025,2,High K / Low HR / High Contact
571771,Enrique Hernández,2025,1,High K / High HR / High Contact
666198,Carter Kieboom,2025,6,Low K / Low HR / High Contact
676466,Jack Winkler,2025,2,High K / Low HR / High Contact
572138,Jon Singleton,2025,6,Low K / Low HR / High Contact
663731,Connor Kaiser,2025,7,Low K / Low HR / Low Contact
666211,Taylor Trammell,2025,1,High K / High HR / High Contact
700337,Edgar Quero,2025,6,Low K / Low HR / High Contact
805811,Bryce Eldridge,2025,7,Low K / Low HR / Low Contact
681460,Brooks Baldwin,2025,4,Low K / High HR / High Contact
669450,Cooper Hummel,2025,1,High K / High HR / High Contact
669087,Sam Huff,2025,3,High K / Low HR / Low Contact
668723,Ryan Vilade,2025,7,Low K / Low HR / Low Contact
677943,Will Banfield,2025,3,High K / Low HR / Low Contact
692225,Kristian Campbell,2025,1,High K / High HR / High Contact
641856,Billy McKinney,2025,6,Low K / Low HR / High Contact
669357,Nolan Gorman,2025,1,High K / High HR / High Contact
672359,Tirso Ornelas,2025,6,Low K / Low HR / High Contact
605204,J.D. Davis,2025,3,High K / Low HR / Low Contact
678011,Anthony Seigler,2025,2,High K / Low HR / High Contact
805249,Otto Kemp,2025,1,High K / High HR / High Contact
665861,Sebastián Rivero,2025,7,Low K / Low HR / Low Contact
645302,Victor Robles,2025,2,High K / Low HR / High Contact
669398,Gage Workman,2025,3,High K / Low HR / Low Contact
682641,Luis Matos,2025,4,Low K / High HR / High Contact
578428,Jose Iglesias,2025,6,Low K / Low HR / High Contact
624415,Cavan Biggio,2025,2,High K / Low HR / High Contact
676679,Luis Vázquez,2025,1,High K / High HR / High Contact
527038,Wilmer Flores,2025,4,Low K / High HR / High Contact
676480,José Barrero,2025,1,High K / High HR / High Contact
666165,Blake Sabol,2025,7,Low K / Low HR / Low Contact
678225,Ji Hwan Bae,2025,3,High K / Low HR / Low Contact
641658,Garrett Hampson,2025,2,High K / Low HR / High Contact
678391,Jorbit Vivas,2025,2,High K / Low HR / High Contact
695238,Will Wagner,2025,2,High K / Low HR / High Contact
694212,Samuel Basallo,2025,4,Low K / High HR / High Contact
642731,Thairo Estrada,2025,6,Low K / Low HR / High Contact
663697,Jonathan India,2025,6,Low K / Low HR / High Contact
670032,Nicky Lopez,2025,6,Low K / Low HR / High Contact
680769,CJ Alexander,2025,3,High K / Low HR / Low Contact
683090,Matthew Lugo,2025,5,Low K / High HR / Low Contact
691781,Brady House,2025,7,Low K / Low HR / Low Contact
605131,Austin Barnes,2025,7,Low K / Low HR / Low Contact
595751,Jorge Alfaro,2025,7,Low K / Low HR / Low Contact
682729,Jonatan Clase,2025,2,High K / Low HR / High Contact
677870,Leo Jiménez,2025,4,Low K / High HR / High Contact
680869,Zack Gelof,2025,3,High K / Low HR / Low Contact
702284,Cole Young,2025,2,High K / Low HR / High Contact
683227,Cody Freeman,2025,6,Low K / Low HR / High Contact
645444,Jose Herrera,2025,2,High K / Low HR / High Contact
685301,Matt Gorski,2025,5,Low K / High HR / Low Contact
682183,Drew Avans,2025,2,High K / Low HR / High Contact
457759,Justin Turner,2025,6,Low K / Low HR / High Contact
656896,Emmanuel Rivera,2025,2,High K / Low HR / High Contact
689200,Jacob Melton,2025,7,Low K / Low HR / Low Contact
690291,Jace Jung,2025,2,High K / Low HR / High Contact
700246,Carson Williams,2025,5,Low K / High HR / Low Contact
607680,Kevin Pillar,2025,2,High K / Low HR / High Contact
686554,Oliver Dunn,2025,7,Low K / Low HR / Low Contact
518595,Travis d'Arnaud,2025,1,High K / High HR / High Contact
691728,Zac Veen,2025,3,High K / Low HR / Low Contact
663536,Tristin English,2025,2,High K / Low HR / High Contact
663898,Brendan Rodgers,2025,7,Low K / Low HR / Low Contact
668845,Aaron Schunk,2025,7,Low K / Low HR / Low Contact
669289,Santiago Espinal,2025,6,Low K / Low HR / High Contact
642180,Tyler Wade,2025,2,High K / Low HR / High Contact
664068,Scott Kingery,2025,3,High K / Low HR / Low Contact
624585,Jorge Soler,2025,1,High K / High HR / High Contact
694376,Shay Whitcomb,2025,1,High K / High HR / High Contact
656185,Greg Allen,2025,7,Low K / Low HR / Low Contact
676044,Bob Seymour,2025,7,Low K / Low HR / Low Contact
660757,Oscar Gonzalez,2025,2,High K / Low HR / High Contact
641933,Tyler O'Neill,2025,1,High K / High HR / High Contact
663993,Nathaniel Lowe,2025,4,Low K / High HR / High Contact
669256,Nick Solak,2025,2,High K / Low HR / High Contact
669134,Luis Campusano,2025,7,Low K / Low HR / Low Contact
676701,Alan Trejo,2025,2,High K / Low HR / High Contact
621035,Chris Taylor,2025,7,Low K / Low HR / Low Contact
666185,Dylan Carlson,2025,4,Low K / High HR / High Contact
570482,Gio Urshela,2025,2,High K / Low HR / High Contact
687529,Grant McCray,2025,7,Low K / Low HR / Low Contact
664913,Seth Brown,2025,7,Low K / Low HR / Low Contact
622569,Pablo Reyes,2025,2,High K / Low HR / High Contact
677060,Chad Stevens,2025,7,Low K / Low HR / Low Contact
543592,Austin Nola,2025,6,Low K / Low HR / High Contact
663624,Ryan Mountcastle,2025,1,High K / High HR / High Contact
571970,Max Muncy,2025,1,High K / High HR / High Contact
671976,Tristan Peters,2025,3,High K / Low HR / Low Contact
676572,Eric Wagaman,2025,2,High K / Low HR / High Contact
682653,Warming Bernabel,2025,4,Low K / High HR / High Contact
678489,Jorge Barrosa,2025,7,Low K / Low HR / Low Contact
694359,Niko Kavadas,2025,7,Low K / Low HR / Low Contact
642350,Jose Siri,2025,3,High K / Low HR / Low Contact
642215,Weston Wilson,2025,1,High K / High HR / High Contact
676116,Ryan Noda,2025,3,High K / Low HR / Low Contact
669304,Jose Miranda,2025,1,High K / High HR / High Contact
676439,Hunter Feduccia,2025,7,Low K / Low HR / Low Contact
676812,Carson McCusker,2025,3,High K / Low HR / Low Contact
668952,Ryan Kreidler,2025,3,High K / Low HR / Low Contact
650559,Bryan De La Cruz,2025,7,Low K / Low HR / Low Contact
687478,Cam Devanney,2025,3,High K / Low HR / Low Contact
493329,Yuli Gurriel,2025,2,High K / Low HR / High Contact
545341,Randal Grichuk,2025,4,Low K / High HR / High Contact
699625,Jimmy Crooks,2025,1,High K / High HR / High Contact
686681,Michael Massey,2025,6,Low K / Low HR / High Contact
542932,Jon Berti,2025,2,High K / Low HR / High Contact
671286,Johnathan Rodríguez,2025,1,High K / High HR / High Contact
665953,Andrés Chaparro,2025,7,Low K / Low HR / Low Contact
669717,Will Wilson,2025,7,Low K / Low HR / Low Contact
670223,Matt Mervis,2025,5,Low K / High HR / Low Contact
666134,Nolan Jones,2025,2,High K / Low HR / High Contact
694203,Denzer Guzman,2025,3,High K / Low HR / Low Contact
663897,Luke Williams,2025,2,High K / Low HR / High Contact
666163,Ben Rortvedt,2025,2,High K / Low HR / High Contact
671083,Buddy Kennedy,2025,2,High K / Low HR / High Contact
605361,Nick Martini,2025,6,Low K / Low HR / High Contact
690987,Robert Hassell III,2025,7,Low K / Low HR / Low Contact
691783,Jordan Lawlar,2025,7,Low K / Low HR / Low Contact
672744,Alexander Canario,2025,1,High K / High HR / High Contact
690924,Braxton Fulford,2025,7,Low K / Low HR / Low Contact
641680,Jonah Heim,2025,4,Low K / High HR / High Contact
672284,Jarred Kelenic,2025,1,High K / High HR / High Contact
592178,Kris Bryant,2025,7,Low K / Low HR / Low Contact
677592,Everson Pereira,2025,3,High K / Low HR / Low Contact
681546,James Outman,2025,3,High K / Low HR / Low Contact
677956,Rece Hinds,2025,3,High K / Low HR / Low Contact
657041,Lane Thomas,2025,1,High K / High HR / High Contact
622761,Jorge Mateo,2025,7,Low K / Low HR / Low Contact
518792,Jason Heyward,2025,4,Low K / High HR / High Contact
670092,Trenton Brooks,2025,1,High K / High HR / High Contact
669261,Jack Suwinski,2025,7,Low K / Low HR / Low Contact
671284,Tim Elko,2025,5,Low K / High HR / Low Contact
592206,Nick Castellanos,2025,1,High K / High HR / High Contact
681807,David Fry,2025,5,Low K / High HR / Low Contact
668974,Maverick Handley,2025,7,Low K / Low HR / Low Contact
669722,Logan Davidson,2025,3,High K / Low HR / Low Contact
669004,MJ Melendez,2025,7,Low K / Low HR / Low Contact
656180,Riley Adams,2025,1,High K / High HR / High Contact
624424,Michael Conforto,2025,4,Low K / High HR / High Contact
671221,Drew Waters,2025,7,Low K / Low HR / Low Contact
671213,Triston Casas,2025,1,High K / High HR / High Contact
687952,Christian Encarnacion-Strand,2025,4,Low K / High HR / High Contact
682927,Ronny Simon,2025,6,Low K / Low HR / High Contact
682848,Endy Rodríguez,2025,2,High K / Low HR / High Contact
592192,Mark Canha,2025,2,High K / Low HR / High Contact
621028,Kevin Newman,2025,6,Low K / Low HR / High Contact
647351,Abraham Toro,2025,6,Low K / Low HR / High Contact
682988,Tyler Locklear,2025,1,High K / High HR / High Contact
600869,Jeimer Candelario,2025,1,High K / High HR / High Contact
641943,Joshua Palacios,2025,2,High K / Low HR / High Contact
681146,Jonah Bride,2025,2,High K / Low HR / High Contact
657136,Connor Wong,2025,2,High K / Low HR / High Contact
681508,Mickey Gasper,2025,6,Low K / Low HR / High Contact
656248,Sean Bouchard,2025,7,Low K / Low HR / Low Contact
671289,Tyler Freeman,2025,6,Low K / Low HR / High Contact
692585,Yanquiel Fernández,2025,1,High K / High HR / High Contact
656582,Connor Joe,2025,2,High K / Low HR / High Contact
455117,Martín Maldonado,2025,1,High K / High HR / High Contact
592626,Joc Pederson,2025,4,Low K / High HR / High Contact
665750,Leody Taveras,2025,2,High K / Low HR / High Contact
666397,Edouard Julien,2025,2,High K / Low HR / High Contact
676070,Jacob Amaya,2025,2,High K / Low HR / High Contact
681351,Logan O'Hoppe,2025,1,High K / High HR / High Contact
672724,Oswald Peraza,2025,1,High K / High HR / High Contact
683770,Will Robertson,2025,7,Low K / Low HR / Low Contact
606115,Orlando Arcia,2025,2,High K / Low HR / High Contact
680577,DaShawn Keirsey Jr.,2025,1,High K / High HR / High Contact
691182,Adael Amador,2025,2,High K / Low HR / High Contact
700242,Trey Sweeney,2025,1,High K / High HR / High Contact
657077,Alex Verdugo,2025,6,Low K / Low HR / High Contact
592669,Hunter Renfroe,2025,2,High K / Low HR / High Contact
623993,Anthony Santander,2025,4,Low K / High HR / High Contact
681962,Vinny Capra,2025,2,High K / Low HR / High Contact
660688,Keibert Ruiz,2025,6,Low K / Low HR / High Contact
571657,Kyle Farmer,2025,4,Low K / High HR / High Contact
678877,Jhonkensy Noel,2025,1,High K / High HR / High Contact
677008,Heston Kjerstad,2025,1,High K / High HR / High Contact
691023,Jordan Walker,2025,7,Low K / Low HR / Low Contact
668942,Josh Rojas,2025,2,High K / Low HR / High Contact
607732,Jacob Stallings,2025,7,Low K / Low HR / Low Contact
664774,LaMonte Wade Jr.,2025,2,High K / Low HR / High Contact
695506,Jac Caglianone,2025,4,Low K / High HR / High Contact
669911,Michael Toglia,2025,1,High K / High HR / High Contact
592450,Aaron Judge,2025,8,High K / High HR / Low Contact
663728,Cal Raleigh,2025,8,High K / High HR / Low Contact
660271,Shohei Ohtani,2025,8,High K / High HR / Low Contact
691718,Pete Crow-Armstrong,2025,8,High K / High HR / Low Contact
656941,Kyle Schwarber,2025,8,High K / High HR / Low Contact
621566,Matt Olson,2025,8,High K / High HR / Low Contact
665862,Jazz Chisholm Jr.,2025,8,High K / High HR / Low Contact
682829,Elly De La Cruz,2025,8,High K / High HR / Low Contact
642715,Willy Adames,2025,8,High K / High HR / Low Contact
669127,Shea Langeliers,2025,8,High K / High HR / Low Contact
553993,Eugenio Suárez,2025,8,High K / High HR / Low Contact
624413,Pete Alonso,2025,8,High K / High HR / Low Contact
683737,Michael Busch,2025,8,High K / High HR / Low Contact
646240,Rafael Devers,2025,8,High K / High HR / Low Contact
695578,James Wood,2025,8,High K / High HR / Low Contact
687263,Zach Neto,2025,8,High K / High HR / Low Contact
621493,Taylor Ward,2025,8,High K / High HR / Low Contact
682985,Riley Greene,2025,8,High K / High HR / Low Contact
668227,Randy Arozarena,2025,8,High K / High HR / Low Contact
664023,Ian Happ,2025,8,High K / High HR / Low Contact
667670,Brent Rooker,2025,8,High K / High HR / Low Contact
679529,Spencer Torkelson,2025,8,High K / High HR / Low Contact
671732,Lawrence Butler,2025,8,High K / High HR / Low Contact
641857,Ryan McMahon,2025,8,High K / High HR / Low Contact
665833,Oneil Cruz,2025,8,High K / High HR / Low Contact
666176,Jo Adell,2025,8,High K / High HR / Low Contact
542303,Marcell Ozuna,2025,8,High K / High HR / Low Contact
572233,Christian Walker,2025,8,High K / High HR / Low Contact
666969,Adolis García,2025,8,High K / High HR / Low Contact
606192,Teoscar Hernández,2025,8,High K / High HR / Low Contact
